grupo,media,dest
B,0.7799999999999999,0.0790569415042095
C,0.5433333333333333,0.06947421584060282
I,0.878,0.07854934754662192
P,0.5883333333333334,0.08818541073594127
