grupo,mediana,RI
E1794D,662.532,1189.4470000000001
Q1785H,64.564,950.6345
R1753T,18.572,704.366
V1804D,567.613,811.1750000000001
