grupo,media,dest
1,0.9875,0.3367385590378048
2,0.27,0.10583005244258362
3,0.8775000000000001,0.24972842392143857
4,1.58375,0.4213562286576186
