grupo,mediana,RI
GPR_0,0.116935483870968,0.07311010259351082
GPR_2,0.12367149758454149,0.16467574114225542
GPR_3,0.1886867088607595,0.1687043107455298
GPR_4,0.642577080734272,0.7394786713643882
