grupo,valor
E1794D,1315.8806530020593
E1794D,324.9740570784198
E1794D,435.2894185871327
E1794D,371.43825472033024
E1794D,1245.5240919990079
E1794D,435.2894185871327
E1794D,1337.530164258476
E1794D,309.687653390677
E1794D,1726.3092805091655
E1794D,1315.8806530020593
E1794D,293.08890995019283
E1794D,889.7745814128674
E1794D,1542.5704547998873
E1794D,309.687653390677
E1794D,1005.1990596968782
E1794D,289.16724568127546
E1794D,289.16724568127546
E1794D,1532.129062071368
E1794D,949.6682527023704
E1794D,311.3889862058533
Q1785H,7.325533260961926
Q1785H,59.00967252937341
Q1785H,1227.9799095823444
Q1785H,31.544443756763904
Q1785H,1909.8559203103384
Q1785H,1476.063348023589
Q1785H,1234.1255518574897
Q1785H,7.325533260961926
Q1785H,23.267380390785434
Q1785H,63.064210632175346
Q1785H,7.813233584961516
Q1785H,221.6696240741972
Q1785H,969.8629340262441
Q1785H,818.3304519846355
Q1785H,153.0435093179559
Q1785H,66.06378936782464
Q1785H,1227.9799095823444
Q1785H,32.38437955863702
Q1785H,7.813233584961516
Q1785H,63.064210632175346
R1753T,689.0799494760134
R1753T,-262.2763330435649
R1753T,-189.9217828762895
R1753T,-245.9749722064031
R1753T,810.7239287278351
R1753T,-289.1185055223014
R1753T,-302.04835675351836
R1753T,-302.31034875786577
R1753T,479.4142981969452
R1753T,-261.5787793319902
R1753T,735.6959684828653
R1753T,1052.4650427724778
R1753T,1046.8998959467997
R1753T,-254.73205495171294
R1753T,227.06578287628952
R1753T,741.591880214032
R1753T,-289.1185055223014
R1753T,-284.1592152066766
R1753T,833.8108824775928
R1753T,386.03052314739
V1804D,326.4265708104641
V1804D,221.48479008325972
V1804D,1379.770748053204
V1804D,1235.3734286100516
V1804D,265.6856663158752
V1804D,216.38596241298046
V1804D,171.13152971426967
V1804D,785.2713972297163
V1804D,1164.1232521105633
V1804D,758.7732689378964
V1804D,1235.3734286100516
V1804D,233.446974785649
V1804D,785.2713972297163
V1804D,376.45273106210374
V1804D,1549.7040793370234
V1804D,182.6622227167543
V1804D,221.48479008325972
V1804D,1235.3734286100516
V1804D,276.6993677961766
V1804D,2000.595864201048
