grupo,valor
E1794D,1746.52017071084
E1794D,224.74834512994732
E1794D,1190.1945139957993
E1794D,1225.7800918536182
E1794D,205.92617296739553
E1794D,220.00833613282583
E1794D,220.8630918536182
E1794D,188.75953646972937
E1794D,220.8630918536182
E1794D,741.8404635991147
E1794D,225.24883259500564
E1794D,987.8371547511554
E1794D,715.6897846652332
E1794D,364.9165858031559
E1794D,1225.7800918536182
E1794D,188.7400684264308
E1794D,662.532
E1794D,1371.5857097000294
E1794D,1840.5875835299712
E1794D,269.87660635743373
E1794D,1746.52017071084
E1794D,947.6444184921154
E1794D,225.24883259500564
E1794D,205.92617296739553
E1794D,1746.52017071084
Q1785H,-66.95262586020871
Q1785H,372.31185477442
Q1785H,973.8441512739205
Q1785H,-37.495640444642945
Q1785H,16.1261353696174
Q1785H,-69.37364430967094
Q1785H,1077.7304312244762
Q1785H,877.9500693375857
Q1785H,1806.3576849277556
Q1785H,-86.3963357114188
Q1785H,1252.4078580635053
Q1785H,-70.57564214141561
Q1785H,877.9500693375857
Q1785H,-45.08212872651235
Q1785H,-47.192954187137204
Q1785H,-69.37364430967094
Q1785H,1087.376676609052
Q1785H,-50.04616225824168
Q1785H,-50.04616225824168
Q1785H,-86.40910280089838
Q1785H,812.9513982315167
Q1785H,1087.376676609052
Q1785H,1047.0988735767885
Q1785H,5.430151516719967
Q1785H,-45.08212872651235
Q1785H,897.9508971452715
Q1785H,1676.780238102946
Q1785H,484.29341516536476
Q1785H,-86.38281205367377
Q1785H,113.00186463038258
R1753T,947.4019601167766
R1753T,66.75116524545128
R1753T,947.4019601167766
R1753T,-83.69595585918633
R1753T,1781.542618300747
R1753T,878.3698445089449
R1753T,-83.72973269490133
R1753T,1804.5948369327282
R1753T,-23.33391997536405
R1753T,1688.8025605742882
R1753T,7.901161677742991
R1753T,-72.53771213663948
R1753T,-42.49236762980708
R1753T,18.572
R1753T,-83.71793910701203
V1804D,477.1970638005151
V1804D,593.0225317297997
V1804D,542.2034682702005
V1804D,498.0013822499995
V1804D,1449.1125232512222
V1804D,1449.1125232512222
V1804D,2426.0884925950472
V1804D,434.30871998481854
V1804D,438.3709609548712
V1804D,1664.4215450576994
V1804D,434.30871998481854
V1804D,446.10154912591133
V1804D,1550.0231707737894
V1804D,498.0013822499995
V1804D,917.0225484225405
V1804D,498.0013822499995
V1804D,644.147116632307
V1804D,434.65743240695195
V1804D,2401.7731655117536
V1804D,2426.0884925950472
