grupo,valor
1,0.7586027052640617
1,1.2805090360948257
1,0.7585111723698774
1,0.6520378529798221
1,1.2053009286646752
1,1.7095474768290355
1,0.8846712516546333
1,1.1459705491139827
1,0.48720807783350484
1,1.5380825499844772
1,1.3172854255179507
1,1.3131350604631227
1,0.5935571875188189
1,1.0635805696557665
1,0.8853273413487989
1,1.1807383087106749
1,0.9265487027620688
1,1.0595203846968977
1,1.568295689192195
1,1.2521917924058465
1,0.564213201906967
1,0.9815458051505063
1,1.1249274907108235
1,0.8509238694332136
1,1.2933457276148348
2,0.3431777551643747
2,0.12999892743951824
2,0.2877914029592197
2,0.250842968117119
2,0.35510597845927583
2,0.25034648225175826
2,0.21857890747219524
2,0.3313844757086142
2,0.3159246531917026
2,0.28075272453503564
2,0.26699059297973693
2,0.30784185818969345
2,0.11715011251831192
2,0.31052126517551004
2,0.16896121100343353
2,0.20930302815481
2,0.3746268682546089
2,0.11372076503491965
2,0.4250326754358063
2,0.11411078356246038
2,0.36287036435753783
2,0.21084168681687238
2,0.22404708530262707
2,0.20456673569187722
2,0.43717830145458714
2,0.19510273635614017
2,0.07234264001200783
2,0.2619569168148073
2,0.11384558749509596
2,0.3428307122416034
3,1.097072117153948
3,0.8203167334542385
3,0.5515752888887968
3,0.5295316611828043
3,1.0029185071907931
3,1.4256616333787604
3,0.8991915372422404
3,0.702168142177938
3,0.45663295820616245
3,0.700342875793564
3,1.1805434390994658
3,1.1004685301145132
3,0.46044690705193725
3,0.5438871379059758
3,0.9920744505486455
4,1.5474476183613
4,1.6336158464351032
4,1.7285247934373205
4,1.6632567613581093
4,0.30042981744251174
4,1.4379768203786611
4,2.1293197659107497
4,1.0318878309188029
4,0.9553658335855226
4,1.3542549919016746
4,1.2008884458876727
4,1.8023785794934772
4,1.1947682179779808
4,2.1669341208685498
4,1.4047923461606975
4,1.6591814956820328
4,1.6057157420902592
4,2.0266067845313334
4,0.8409882171058082
4,1.259043397837237
