"","grupo","media","dest"
"1","B",0.774174590862617,0.0610304847241653
"2","C",0.555308709528421,0.0589392288227025
"3","I",0.914151847467351,0.0702156516578735
"4","P",0.583198753003782,0.0733618504866019
