"","grupo","media","dest"
"1","B",0.771745202983309,0.092115059557548
"2","C",0.540674872673091,0.0580756108819535
"3","I",0.88755464167123,0.0987211620837206
"4","P",0.619178535055323,0.0826440685409156
