"","grupo","media","dest"
"1","B",0.767933427830501,0.084004635672761
"2","C",0.561494379940177,0.0614622172938204
"3","I",0.873073940902845,0.111103498917842
"4","P",0.599254574416949,0.0763145541376588
