"","grupo","media","dest"
"1","B",0.767933427830501,0.084004635672761
"2","C",0.561494379940177,0.0614622172938204
"3","G5",0.703076636719969,0.065484195788204
"4","G6",0.545731428641339,0.0608901502826892
"5","I",0.873073940902845,0.111103498917842
"6","P",0.599254574416949,0.0763145541376588
