"","grupo","media","dest"
"1","B",0.783736018951027,0.0646294670934313
"2","C",0.523992836850792,0.0739962028297523
"3","I",0.885314339443101,0.0828928637162499
"4","P",0.588454366264575,0.0875962089630763
