"","grupo","media","dest"
"1","B",0.805292118159388,0.0957227755908264
"2","C",0.560074086447988,0.0604835481007947
"3","G5",0.716788082500294,0.0754841483546177
"4","G6",0.57097300127332,0.0689926645815185
"5","I",0.859370489224542,0.0869731179708144
"6","P",0.569587921310371,0.0830119580198782
