"","grupo","media","dest"
"1","B",0.784620448086541,0.0833014060054161
"2","C",0.553763766044381,0.0575022739303261
"3","I",0.884561194650171,0.101881467905462
"4","P",0.572337772108006,0.0742097181495859
