"","grupo","media","dest"
"1","B",0.784299733020832,0.0780750878950791
"2","C",0.545456852978423,0.0806752219374993
"3","G5",0.704307748178204,0.071302820205669
"4","G6",0.557603644420923,0.0918348788921156
"5","I",0.870803506583179,0.0635456209015213
"6","P",0.62181853775528,0.0706844745243946
