"","grupo","media","dest"
"1","B",0.791258330247027,0.0758292690995987
"2","C",0.559579150650502,0.0656665767417748
"3","G5",0.703920550023143,0.0797420089456825
"4","G6",0.596741457577119,0.0858073123226013
"5","I",0.864136284181156,0.0897579061807109
"6","P",0.591634781634641,0.081770460995352
