"","grupo","media","dest"
"1","1",0.990208993912092,0.353366827118556
"2","2",0.260319771363425,0.0959539538242627
"3","3",0.766893934476051,0.253148327756654
"4","4",1.65895761404362,0.490004400171462
