"","grupo","media","dest"
"1","1",1.11196807106153,0.312907719955454
"2","2",0.269598391854263,0.0793401681444229
"3","3",0.860708746356264,0.301520672507331
"4","4",1.47689532026576,0.340068689432586
