"","grupo","media","dest"
"1","1",0.967267185059692,0.358428350267541
"2","2",0.277909862116157,0.114367772944258
"3","3",0.882786353851773,0.275502579190288
"4","4",1.53992409579387,0.402735980732489
