"","grupo","media","dest"
"1","1",0.952339160234881,0.392358872363392
"2","2",0.265950367662508,0.0884665608802774
"3","3",0.907876644494393,0.313859770766749
"4","4",1.73113059006924,0.394879297501865
