"","grupo","media","dest"
"1","1",0.962687000136812,0.259955888659061
"2","2",0.288242087016189,0.0897821098340002
"3","3",0.992435950098265,0.223233477690313
"4","4",1.5592166062635,0.350528192706826
