"","grupo","media","dest"
"1","1",1.00685700886355,0.287624894880836
"2","2",0.232376906432089,0.0803603188849983
"3","3",0.812394769644951,0.244100433822766
"4","4",1.48015349895367,0.368210228456002
"5","G5",0.450348992155487,0.249234751696525
"6","G6",1.1568080827337,0.555994519765634
