"","grupo","media","dest"
"1","1",0.936103120136308,0.357812981766251
"2","2",0.297664716924969,0.0936253774258654
"3","3",0.861838800857049,0.35322637989376
"4","4",1.63593247459358,0.364636422904657
"5","G5",0.433187865273955,0.231318023195492
"6","G6",1.00375189898068,0.435423588362911
