"","grupo","media","dest"
"1","1",1.0558231263151,0.322397205555078
"2","2",0.253258206738375,0.0979865583201376
"3","3",0.830855461292652,0.297849425407309
"4","4",1.44716887136824,0.456135516755113
