"","grupo","media","dest"
"1","1",0.984414250325835,0.357114299038379
"2","2",0.291628629883989,0.123850148650028
"3","3",0.880688784272863,0.256868872066403
"4","4",1.50732205917714,0.354579365320236
