"","grupo","media","dest"
"1","1",0.959555475738704,0.305728304146387
"2","2",0.281241108519548,0.101402731278496
"3","3",0.87574448682308,0.215462595356832
"4","4",1.52998945444473,0.474119457968873
"5","G5",0.242022699234558,0.254373736675084
"6","G6",1.11487869101654,0.557738945770328
