"","grupo","media","dest"
"1","1",1.00581446896545,0.332556409270386
"2","2",0.273234756847321,0.122892541717223
"3","3",0.854620510674172,0.202027747530649
"4","4",1.74374471265501,0.337735497988737
"5","G5",0.289967229964666,0.251871878698555
"6","G6",1.08864974818233,0.656708389097974
