"","grupo","mediana","RI"
"1","GPR_0",0.149033531901908,0.109581117192595
"2","GPR_2",0.159155745190907,0.186995710799936
"3","GPR_3",0.19828680426656,0.214575067584504
"4","GPR_4",0.566941408000549,0.609064418269038
