"","grupo","mediana","RI"
"1","GPR_0",0.152330054828549,0.0777564078077168
"2","GPR_2",0.162655877528383,0.165040021355652
"3","GPR_3",0.203048809311279,0.23130288818487
"4","GPR_4",0.498085170849489,0.842431627024113
