"","grupo","mediana","RI"
"1","GPR_0",0.1570843228573,0.0802665505756367
"2","GPR_2",0.225009001618234,0.408807706127459
"3","GPR_3",0.186944510761693,0.177464933204036
"4","GPR_4",0.590957868101692,0.692189650106986
