"","grupo","mediana","RI"
"1","GPR_0",0.125097201813201,0.0670155310319327
"2","GPR_2",0.130589625243744,0.146280689819751
"3","GPR_3",0.132554309304086,0.14385344082035
"4","GPR_4",0.771184957158874,0.597352176222514
