"","grupo","mediana","RI"
"1","GPR_0",0.137147656153097,0.0887614526518742
"2","GPR_2",0.152100477367111,0.415788001335359
"3","GPR_3",0.180434274801993,0.146155851939542
"4","GPR_4",0.653071586120937,0.975538074251951
