"","grupo","mediana","RI"
"1","GPR_0",0.102919992272704,0.0836004342386047
"2","GPR_2",0.139258243604802,0.31804495199164
"3","GPR_3",0.169918465306703,0.110974431352263
"4","GPR_4",0.738880615693472,0.840437201378516
