"","grupo","mediana","RI"
"1","G5",0.299935607076247,0.451766379554383
"2","G6",1.14369520163743,1.21432887713025
"3","GPR_0",0.113127358314764,0.10613456959636
"4","GPR_2",0.148380870234753,0.180441724710472
"5","GPR_3",0.186962000703017,0.346908267550131
"6","GPR_4",0.59212990766633,0.89903499401408
