"","grupo","mediana","RI"
"1","G5",0.221545879571236,0.250956100329018
"2","G6",0.626656844686504,0.751698403239063
"3","GPR_0",0.1570843228573,0.0802665505756367
"4","GPR_2",0.225009001618234,0.408807706127459
"5","GPR_3",0.186944510761693,0.177464933204036
"6","GPR_4",0.590957868101692,0.692189650106986
