"","grupo","mediana","RI"
"1","GPR_0",0.1570843228573,0.0802665505756367
"2","GPR_2",0.148662142690074,0.281267129002673
"3","GPR_3",0.186373332950438,0.148809689522771
"4","GPR_4",0.72402717377494,2.37067917126164
