"","grupo","mediana","RI"
"1","GPR_0",0.132004493504754,0.0758047872429955
"2","GPR_2",0.0913135027961452,0.137780039456063
"3","GPR_3",0.189910217110915,0.166227824099597
"4","GPR_4",0.220414676766194,0.689390333351351
