"","grupo","mediana","RI"
"1","G5",0.509068415791614,0.691134325442392
"2","G6",0.328655830671324,1.21529678818542
"3","GPR_0",0.138312043284992,0.0664732524313538
"4","GPR_2",0.150501344930025,0.215789163735598
"5","GPR_3",0.183187445302282,0.106131004536671
"6","GPR_4",0.685801542265662,0.717560996996056
