"","grupo","mediana","RI"
"1","G5",0.420754480684284,0.441184566110717
"2","G6",0.348027225117898,0.261890092241373
"3","GPR_0",0.141727482784768,0.0757520459828046
"4","GPR_2",0.170217958085554,0.231135960400308
"5","GPR_3",0.219009178954949,0.496888309714611
"6","GPR_4",0.436947588662273,0.996919728075026
