"","archivo","nivel","W","p_value","p_ajustado"
"1","02b_brca_20.csv","Q1785H",111,0.495341176754795,1
"2","02b_brca_20.csv","R1753T",162,0.245773325661826,1
"3","02b_brca_20.csv","E1794D",116,0.618795818123976,1
"4","02b_brca_20.csv","V1804D",87,0.117197135852875,1
"5","02b_brca_30.csv","Q1785H",256,0.109477816787169,1
"6","02b_brca_30.csv","R1753T",212,0.662489097395552,1
"7","02b_brca_30.csv","E1794D",145,0.190453158831841,1
"8","02b_brca_30.csv","V1804D",185,0.801621406851447,1
"9","02b_brca_40.csv","Q1785H",285,0.612365382655231,1
"10","02b_brca_40.csv","R1753T",304.5,0.362739724056886,1
"11","02b_brca_40.csv","E1794D",188,0.139218725105893,1
"12","02b_brca_40.csv","V1804D",162,0.0437520130277629,1
"13","02c_brca_6g_n20.csv","Q1785H",170,0.145510526655535,1
"14","02c_brca_6g_n20.csv","R1753T",147,0.54300265465413,1
"15","02c_brca_6g_n20.csv","E1794D",174,0.108763000638625,1
"16","02c_brca_6g_n20.csv","V1804D",82,0.0799782285338217,1
"17","02d_brca_desbalanceados.csv","Q1785H",238,0.260972846783524,1
"18","02d_brca_desbalanceados.csv","R1753T",107.5,0.66157434793879,1
"19","02d_brca_desbalanceados.csv","E1794D",155.5,0.841403505926312,1
"20","02d_brca_desbalanceados.csv","V1804D",83,0.086484669581979,1
"21","02e_brca_6g_n40.csv","Q1785H",314,0.268485726974609,1
"22","02e_brca_6g_n40.csv","R1753T",318,0.234391768329943,1
"23","02e_brca_6g_n40.csv","E1794D",242,0.717356322431786,1
"24","02e_brca_6g_n40.csv","V1804D",167,0.0557613205736151,1
